{
	"Format": "1.24.0",
	"Changes":[
    {
        "Action": "Include",
        "FromFile": "schedules.json"
    },
    {
        "Action": "Include",
        "FromFile": "{{FirstValidFile: assets/{{language}}/dialogue.json, assets/default/dialogue.json}}"
    },
    {
        "Action": "Include",
        "FromFile": "{{FirstValidFile: assets/{{language}}/marriage_dialogue.json, assets/default/marriage_dialogue.json}}"
    },
    {
        "LogName": "Explorers",
        "Action": "EditData",
        "Target": "Mods/atravita_Ginger_Island_Adjustments_explorers", // Explorers go to IslandNorth and either the tent or the volcano
        "Entries": {
            "ScienceGroup": "Maru, Demetrius, Robin",
            "BandKids": "Abigail, Sebastian, Sam",
            "ArtsyGroup": "Leah, Elliott"
        }
    },
    {
        "LogName": "Groups",
        "Action": "EditData",
        "Target": "Mods/atravita_Ginger_Island_Adjustments_groups",
        "Entries": {
            "Bookworms": "Penny, Maru",
            "SistersAndSandy": "Emily, Haley, Sandy" // Groups can only go when all members can go, so thisgroup will only be possible if Sandy is allowed.
        }
    }
	]
}