{"Changes":[
    {
        "Action": "EditData",
        "Target": "Characters/Dialogue/MarriageDialogueLeah",
        "Entries": {
            "GILeave_Leah": "Honey, I'm headed off to Ginger Island for today. Will I see you there?$l",
            "GIReturn_Leah": "That was an relaxing vacation! But I'm glad to be home.$h"
        }
    },
    {
        "Action": "EditData",
        "Target": "Characters/Dialogue/MarriageDialogueLeah",
        "Entries": {
            "GILeave_Leah": "Honey, I think I'll be headed off to the Island for today! I'd love to get out of this cold...#$b#Would you consider joining me there, my love?"
        },
        "When": {"Season": "Winter"}
    },
    {
        "Action": "EditData",
        "Target": "Characters/Dialogue/MarriageDialogueMaru",
        "Entries": {
            "GILeave_Maru": "I'll be headed off to Ginger Island today! Will you join me?",
            "GIReturn_Maru": "There's always something interesting to see on Ginger Island! I greatly enjoyed my vacation today!$h"
        }
    }
]}